Type,Name,Request Count,Failure Count,Median Response Time,Average Response Time,Min Response Time,Max Response Time,Average Content Size,Requests/s,Failures/s,50%,66%,75%,80%,90%,95%,98%,99%,99.9%,99.99%,100%
GET,GET /epoch,10,0,140.0,507.51997050000045,111.6898329999998,2567.3190830000012,114.0,0.34455557569014084,0.0,140,190,480,1100,2600,2600,2600,2600,2600,2600,2600
GET,GET /health,14,0,5800.0,5717.8244942142865,2985.6085840000005,7247.829792000001,123.85714285714286,0.48237780596619717,0.0,6000,6400,6700,6800,7100,7200,7200,7200,7200,7200,7200
GET,GET /wallet/balance,5,0,160.0,932.5542248000002,102.48987499999984,3687.4941249999997,70.0,0.17227778784507042,0.0,160,610,610,3700,3700,3700,3700,3700,3700,3700,3700
,Aggregated,29,0,3000.0,3096.121163724139,102.48987499999984,7247.829792000001,111.17241379310344,0.9992111695014084,0.0,3000,5600,5800,6000,6800,7100,7200,7200,7200,7200,7200
